Open,High,Low,Close,Volume
100.46516252581627,100.70412918352717,99.83774618461712,100.47707561963163,8415
98.78545625707292,99.25912819561297,98.44578632571651,98.92975260946645,11744
99.98022085129435,100.28030981620019,98.99735155724471,100.06316782718751,10815
101.62359610133072,101.7515678582121,100.70943289889644,101.49491873678174,16837
98.54550529890959,99.23768476340406,98.41416590459609,98.54491535165376,11502
96.70553242803437,97.24837841979918,96.41628697904092,96.639776795578,29962
96.97420864485439,97.01988086687082,95.88872098356566,96.84442177135027,8269
96.33212296135875,96.93988889522157,95.8214051080082,96.40439569077974,31468
96.54518469807132,97.11904160750346,96.26905068537212,96.3993809883763,17370
95.25728765911951,95.5552884486436,94.83315766615532,95.18516726596418,34650
96.22156932986657,97.06967621768199,95.08626453595772,96.45978894937738,26133
97.88601637297859,98.75582311597482,97.43207478740695,97.60446559623733,45354
97.62279364002644,98.04255042131547,97.41722298644234,97.72065985358273,22553
99.06351709238349,99.39759239234074,99.00474064235496,99.39252530393942,15456
99.90017040711703,100.90538713562704,99.40703951313193,100.10940782094441,29866
98.63724247815426,98.9178050410877,98.35774742768903,98.83908080844498,33279
99.4159260880315,99.42988561262584,99.09194801894637,99.40555345279827,22522
97.9419884065499,98.31919345975895,97.42427231030236,97.99566072901385,28426
99.23962540239373,99.59543235147292,99.05174527909222,99.30652462657277,24072
99.3750297401486,99.61184191040893,98.23729938538986,99.25201640086519,15986
99.06394041163077,99.0712117741471,98.39009896976295,98.9966473690679,16364
98.06724930179685,98.45460824534561,97.26965520838931,98.00530056868367,45463
99.90395450197327,99.96885703316855,99.62152790324983,99.82213459911324,34091
99.73346431685486,99.7682706904007,99.2311026684059,99.61071708465403,5678
98.5733132683115,99.65065604392689,98.48932404567864,98.99064860537634,48141
98.41579252526796,99.21235397405889,98.4092790370471,98.48757780671924,35888
98.86070087058312,99.5742437027952,98.49702529232728,99.29366295722184,3458
99.86501761722562,101.16420572932907,99.17964980611991,99.85781588616354,36665
100.49507491601538,100.5992207942844,100.07251868255915,100.49600610642528,29891
101.3770858387319,101.61941917465165,101.02747357525033,101.1655421598824,45850
104.68375221124258,105.36851302937164,104.38355791198734,104.43568937817646,24979
103.86201720565393,104.11828022380185,103.52306117687205,103.81991302990554,26410
102.93984470372757,103.38273811317895,102.30701820099617,103.04296207877539,16420
101.904551784264,102.10678841970555,101.62397859081143,101.80576738552733,16759
102.6582776122128,102.82523006483139,102.09797714103782,102.76678240613934,31278
104.52735737068853,104.9127474614232,104.27292808942576,104.52764851184968,41559
104.57574003054005,104.81760056224003,104.29729875674765,104.36989414451354,44642
102.96047740596401,103.58906426291745,102.91111629848604,103.07546248486135,38769
101.98539136453392,102.49210469900798,101.39629260270448,101.8213208380965,30878
102.97466996847888,103.12634797216651,102.79832835535109,102.83534835702488,25515
103.80380615570701,104.48219121279789,103.14999484487898,104.00240745089906,17640
105.0748138274438,105.42158041028883,104.80813528150782,104.87054820520383,38625
103.9897215340839,104.98617437941957,103.38262993678295,103.84463679725613,16589
104.24828321503523,104.6462194058777,103.97050907263265,104.2270363486991,14125
104.27108964847415,105.15043390938592,104.16637525170825,104.43030899702916,43525
104.61368196476697,105.31476140248324,104.41830859221464,104.79376082478662,29885
106.07034117126601,106.5351679589263,105.8129597472358,106.18452406093365,18356
106.67753656004784,106.94312252017087,106.28332065537957,106.5618967696776,43393
107.46262263137564,107.72345296104972,106.98496031116831,107.66840390438557,48171
107.89340637878499,108.49920468501118,107.03178753947729,107.79907954340462,16581
108.01920663848897,108.70335460477725,107.48134729183536,108.28814143516713,26549
109.29059072884145,110.00473129152323,108.780073032828,109.33521449374356,24693
106.99076232450618,107.61074682107704,106.48406165186185,106.96730487492144,35380
106.99647710152904,108.5251563255816,106.43544367264572,106.47578280899899,47601
105.45453774664963,105.93958191742009,105.21664530294782,105.7458285168942,27877
105.06199531517426,105.36830783625784,104.15737857196798,104.75359767184385,40112
104.373486060202,104.63069352129428,104.11178077747947,104.34221628106532,30184
106.7906135137072,107.75718246945492,106.4497076162947,106.70286706868633,44464
105.36334086697697,105.68086349544735,104.984550849839,105.33840770547383,20824
106.9845020795565,107.56911634552685,106.72065609921982,106.88942888834008,19877
104.18056009625877,104.96657242969937,103.5667017480984,104.21259194239579,21698
104.01154483744888,104.9072714291144,103.60663107371938,103.70994590612139,49828
103.88894329256324,104.1257410782189,102.6049751279014,103.98387456897407,30960
105.15662230504029,105.35625562258299,104.82958861162753,104.91903638449178,8475
105.92265600202448,106.22321184067967,105.7690333160709,106.05933830281225,3003
107.3297432234738,107.43546063766568,107.3275253173032,107.34267841261784,26419
106.57367381495928,107.31773354701224,106.43699735272531,106.80265069902866,40479
106.17984611445317,106.19701386588739,105.85243938193666,106.0833052739881,24484
107.78039041986352,108.06638241903232,106.35385719311326,107.46977569497973,28450
107.1662956408583,107.28791968072184,106.71334632655302,107.18287815685113,40123
105.11193237892809,105.33323135019974,104.66045242304028,105.15333875607216,26300
103.15636196798332,104.11411742536116,103.04920798875058,103.38683540899287,45522
101.93485656939623,102.99009414836326,101.13410845416904,101.98162384368561,32258
102.4351799036186,102.896932893689,102.04044656164172,102.76253906830341,36825
102.81457435941752,103.03172857000783,102.16292347515741,103.00263203012634,39291
104.13727203539325,104.80694240292144,103.64394197407387,104.09005968924087,31713
103.71667383825537,103.73455192991744,103.43916563367569,103.44378639928537,3453
104.29316352756864,104.3211936517786,102.81578780102284,103.71047434565845,21944
104.58158448517825,105.83313843338289,103.92334461460842,104.7044205880942,7932
104.53874219561038,105.01707209988125,103.69328175936627,104.23951221917673,26005
105.02574616486925,105.23961213649714,104.72976117891557,104.97457054097232,8015
103.92183920484966,104.15446471541783,103.3456949824928,103.9532845841795,25955
103.49743306802938,104.09444503024112,103.28932549620347,103.40796564362593,17848
102.84926070352921,102.93074202779827,102.56791075300968,102.83652615134291,1998
101.03475621798376,101.55124954183276,100.7746592776377,101.01245353177673,7118
101.68739775007664,102.16592585666164,101.31149705187771,101.77051029878221,25649
100.79166876991583,101.12244938394419,100.20620355035247,101.07429466537386,4862
100.80128949211557,101.35004554043581,100.34497958761742,101.11345203787492,42942
101.99590677905108,102.31685958583155,101.78434892620412,101.86282404184726,38176
102.5087107559954,102.80538128658307,102.0118460167762,102.5654705058527,35754
103.48614550711854,103.71073993959318,102.84548332151296,103.6096666514946,9433
103.47908814057462,103.80473890369203,103.13323381309436,103.47732786152442,39989
103.0044999041416,103.07241788499658,102.35899274622564,102.84099665381738,32099
102.77565102374479,103.19639601390345,102.33578197991024,102.73859034923206,20133
100.0274032693188,100.20619403307573,99.11404837533256,100.15882264941338,1020
98.24510323188512,98.63056235149138,97.4491635291773,98.00473819175559,26919
96.38333259799649,96.80299660154728,95.44167629946209,96.079876701167,39999
94.75549370106191,95.13666029127494,94.35114140542571,94.66186239295853,2640
95.433925229527,96.29671664839339,94.28965238330373,95.2484453580123,3578
94.20723639506875,94.93427737687206,93.69596964430539,93.97381296217459,19766
93.67078420843397,93.79099133133278,92.98476484466798,93.45954706792809,26067
95.41666513543116,96.23461776828104,95.0507726622628,95.29961830107548,24246
94.92285876803531,95.26164770463713,94.43908430750912,94.809400917887,21883
95.97686115221028,96.34727151113897,95.37259086614749,95.87721393628028,13505
94.34618477510736,94.6859218436207,94.31282604369078,94.55369944845253,3933
94.41336706381864,94.65509427752562,94.26018478196026,94.28123697181162,2530
92.70449081156217,93.60766015618796,92.3529771528288,92.95655440189391,5841
92.35541077638355,92.98679846820238,92.29454928705223,92.50241551431441,34829
93.93112785726183,94.30598508274669,93.08095185100673,93.68687398478443,39512
91.43159016977036,91.5282271775406,90.90716855865965,91.27820259729688,22319
92.16461718211784,92.34454782881592,91.78323203964035,91.89125937804586,4793
92.18720795154277,92.46623175720217,91.6269483000872,92.23732498838115,21368
91.22302159519855,91.85031988360252,90.48594759731456,91.43373041504725,49296
89.42571697455094,89.55757309590545,89.07716708777473,89.46874020078953,13249
89.6017146195895,89.82096281977036,89.4547515269881,89.58343399162663,25064
88.90388664050752,89.01911019353912,88.5570343034114,88.88984405115299,27353
89.42014939525106,89.44818185346233,88.92042988103893,89.2178603020892,17166
89.2004503278179,89.31294306404811,89.13210897452193,89.26494789914878,22463
91.49191282050441,91.59031151995543,91.05080029917586,91.42754152792438,24115
90.93740897754475,91.46953134377772,90.36962189005668,91.11757158766899,24225
89.81773617869632,90.06704582070464,89.58725771296588,89.73691601117993,36166
89.99673754860791,90.01663447863389,89.91270059050129,89.99617803333605,29462
90.17572715500688,90.67652571216378,89.86567934090414,90.31116018000472,3616
92.12699650830002,92.20165597251524,91.87543829461119,92.17046951437389,1309
93.30910932792415,93.35656893224436,93.19590472372039,93.34349254276695,21124
93.81112059459599,93.95249699495298,93.5500364288518,93.86183510700229,45477
96.28071979903625,97.34294902316758,95.920356635533,95.94083189433245,2807
94.23069939034711,94.4960822896353,94.0361641656268,94.24925631535659,4483
93.31812250455266,93.56079682546964,92.97931034292326,93.36366457379556,34283
91.69842310184461,92.5766545207506,91.52891584988203,92.0847094257773,23095
91.40093788656465,91.60956110698842,91.0954678698891,91.5646935308387,12300
89.6449775397258,90.740600786896,89.34480965683429,89.6921687917077,11161
90.4404002291588,90.7358131539449,90.41696165027065,90.5646282144144,33585
90.53034189608235,90.6770414365897,89.99936155155248,90.28085840090397,26665
88.27799938738153,88.6598309632452,88.04560459821903,88.30712975044686,32273
87.2036846679971,87.35695592877927,86.49031883636376,86.97954807095644,14731
87.41677008048427,87.52557507253617,86.85280186173938,87.4059833720487,26792
88.52891471075317,88.90352661151019,88.05063908146957,88.52232372157884,43140
91.17516212487304,91.33685051674185,90.93015903092018,91.19135706201142,16512
95.19610419317499,95.7954183351172,94.2566616925124,95.19538142193282,20421
96.13551078641859,96.18115847962267,95.7155139337725,95.80616845920055,9023
93.96531417145081,94.56006083564499,92.54091163230548,94.40327185552378,32299
91.03717548723236,92.63883304496547,90.93360731065772,91.40307034016834,2593
91.68868214024282,91.96932790541997,91.57169042967551,91.78839569858863,13195
90.69010998754838,91.01635929024242,90.50710762057108,90.68747499368854,35939
90.26500982113919,90.5783484477281,89.97278873023947,90.14059697149739,1950
89.4155262361297,89.83697733927994,88.95777192746326,89.33100352781777,49465
89.09169596465239,89.57773848595802,89.04095094137601,89.16021486095613,20803
90.78835054259245,90.95375660957721,89.79880540848765,90.60369230014669,20536
91.02240685533445,91.080371050721,90.72663481365203,90.83525073982167,27287
90.67063826189036,90.69943012212279,90.5146929727212,90.63727326199243,32319
89.41919754335889,89.74624486399459,88.8417399738206,89.24736823364961,23517
87.07075500789779,87.43938824522724,86.84120616887638,87.02330202568672,44328
86.30887398734642,86.87058386862934,86.25103529478787,86.40590488536031,48138
86.47399694044775,86.57097636372261,86.09086103295328,86.3534791167799,10817
88.68036738123143,88.94683383197317,88.31653926598074,88.66075329568702,35635
88.85197709990973,88.99970786725139,87.66478489198212,88.85173900448147,15744
90.44494085880488,90.81099583208562,90.06048012542676,90.17928107042455,49787
89.08311157235967,89.82517389150665,88.43414759836587,89.52192515487032,13412
87.69928600653799,88.275760664516,87.39311838907304,87.94865283235256,15457
86.48721030856484,86.91910060848203,86.46491051567516,86.69303177695515,35997
85.70497792705082,86.17209136647742,85.47071749723162,85.76728968943644,39663
88.47766212413191,89.09864985617905,88.23222662814763,88.52273934942878,7300
87.18614234243823,87.72673576325485,86.89118527932747,87.44977291364758,28222
88.39264295014401,88.83506091498437,88.10763841595744,88.56714822508962,17937
87.23486653160755,87.93025619958757,87.08637514835345,87.38531637646321,30976
89.0594533946383,90.3119184178332,88.23568153041668,88.62388047660536,28279
89.47460561449722,90.23926727226406,88.87712676189807,89.15334297884347,49306
88.88844190644296,89.29013795012672,88.48057330210852,88.96170176423828,46749
88.86043618862297,89.19906670269265,88.33243242871647,88.92509954919288,33045
87.86705906030888,88.4441348569677,87.39951427025873,88.06947865410805,34291
88.33796057570639,89.15415361187002,88.03380780924117,88.67637274323813,45042
88.06832205004743,88.2208943119346,87.63825564835561,88.08891374736606,9991
86.31449468074463,87.01319994356844,86.29752824360344,86.48709732392402,36561
84.83211952859128,84.9886539643899,84.50262831078699,84.8465180729276,38831
84.81083855934787,85.10513291224983,84.06395640258073,85.08313963474487,7241
86.98270736926052,87.3249920742428,86.60733892417952,87.11546689064943,44184
87.36791890823315,87.58971479918381,87.26460618362891,87.34195614575313,35271
87.2678628632301,87.53097846018224,86.9305606789772,87.20399298483785,18009
87.6684486660582,87.83212957710515,87.42887019725177,87.59531149352657,24731
89.09290953771267,90.27622123549506,88.65321145975324,89.32882499646372,24990
89.793877643725,89.89913003867137,88.9692221929813,89.6406484775373,46021
88.96343246483711,89.93583305848578,88.6466985512145,89.10603985549758,48492
90.71719319068298,91.17185676157463,90.34660151631807,90.60251615182294,40534
91.20139227163793,91.99703120422899,90.88670578234442,91.20333283716704,32958
93.06566845489823,93.33065303738803,92.42912614263693,93.32256447715473,6102
93.53853683053663,93.6547310646896,93.07968383394491,93.5977276037813,45826
91.96448627388767,92.17987891721174,91.56501720766697,91.89733436594842,7561
90.14013133534884,91.04645705473617,89.86892063579194,90.0297610818377,9173
92.2512367907653,92.53054991168088,91.62298242217507,92.27725674358574,4410
94.97160172542583,95.31639534740965,94.00832910745687,94.68153935878702,47439
94.63582808877509,95.0763926414896,94.05742503201249,94.44551833478766,25168
93.87334185482763,94.39075875813046,93.83285717555643,93.9215525609945,12562
96.14327589332474,96.16096889959509,95.4325727478866,95.99925362513858,4957
94.78951435784516,94.87151067158554,94.36964674932268,94.424320087787,21187
93.54128510641415,94.40949395414309,92.68278679998151,93.1759450953684,36460
93.86262486441706,94.17854780761535,93.25168254867235,94.09371901589238,49733
93.38222510302789,93.562172416472,93.2858332816106,93.55558980640683,28065
93.84499236396702,93.94594572306156,93.08769558871131,93.5671132354395,30749
93.15883876618123,93.73610959469666,92.96401177848678,93.35643345518004,41958
93.5995908598651,94.10099709997367,93.33111461809983,93.84782608038773,45189
95.75473093529557,95.93269027967784,95.19767979207927,95.84793233958186,14709
96.07801885703311,96.12163828893624,95.85036464477244,95.99733756646536,49602
96.92392973138573,97.23693709987201,96.38866974032727,96.94378317963375,26437
93.8596179309427,94.48980494230696,93.65830529235872,93.98190034162039,46576
93.80535672892871,94.07026037861768,93.64455340408465,93.93201700176373,6756
92.63055197281308,92.97428002537131,92.40838197968617,92.7627086038808,5773
90.92513424036082,91.28467524635298,90.77944966504226,91.08535513410135,44345
90.31402469647408,90.5898640108063,89.44486383089287,89.90376990207481,33955
89.5244036271339,89.71876130134463,89.22586072803377,89.47116630208039,9575
90.87915404882864,91.23830550159063,90.69957285146133,90.71826356559531,44851
88.84449778335603,89.3670664589046,88.81717113505465,88.93148655591767,6015
88.95703779640995,89.5648711768168,88.64384313215933,88.99013441580657,34432
88.23553630135841,89.14731463853772,87.78325012122453,88.36163789840403,11047
87.478595254686,88.3259891112984,87.03377663675548,87.9450042562878,4459
89.03933413881089,89.29161091169635,88.83172612199178,89.28540637535563,40505
89.69795319297907,90.02902760273214,89.10732577491213,90.02395128867691,42522
91.43464807115163,91.89296327845442,90.8822626400253,91.84792401010456,6184
91.43431071073957,91.95096406855194,90.4129469062077,91.65342820660346,5563
90.95536264463519,91.63096179831005,90.26056927680972,90.71497599932464,31106
90.42047219375286,90.47041310701405,89.77532901142331,90.42850878651623,2406
91.00982703971451,91.35946661811671,90.73677567714796,90.7755238365761,37562
91.10893389176614,91.14810776352893,90.27783894452672,91.03410702798169,45867
89.711759396233,90.06793461204812,88.74566553754818,89.5715693519739,37802
89.54942248728422,90.20432093969877,89.43521023870805,89.71106334210519,12303
90.13047367433866,90.23606078534812,89.76962725888967,90.03612464749693,10312
93.59028861138177,93.66091255763922,93.02673151534357,93.45408596603005,34349
95.99292280342628,96.38211462203152,95.96280661547439,96.10375874793723,4019
94.99917401058644,96.03745027213316,94.60090748751462,94.89298110295601,27347
94.60991251069082,94.74108420213078,93.81645073677855,94.50289974072477,22991
92.34569830858548,92.67153014575845,92.13843872208604,92.44730762903339,37485
91.44086204594174,92.14043246785815,90.75054266172965,91.64665799498154,10921
91.88073576994537,92.69146295729254,91.38674433224732,92.09884948396378,38353
93.79936074267947,94.5417026940396,93.37529056568022,93.78313522080873,35264
92.83693282787833,93.26559797936619,92.55139780122818,92.77625532571668,12696
91.73883008510816,92.36408296717835,91.48847768012622,91.88447171961973,18477
88.94804001861539,88.96542888066065,88.45531113421714,88.94331084206058,4234
88.84534238862345,88.8854082678603,88.41515698342222,88.74407882121245,23018
87.45557774165998,87.850223881343,86.95051834415364,87.34758281237384,13769
86.94038067863139,87.0729531172899,86.17232254918596,86.6713735155464,6560
85.76721503872761,86.29441569642304,85.07236601947416,85.54872686986408,28435
85.27376554801224,85.78921611240833,84.91020378430336,85.44487599262095,28809
83.48931119467703,84.07109497343056,83.10115047662954,83.20913170139683,5211
81.30826276549251,81.77831073770646,81.20327502133972,81.39470011220239,10090
84.18618133109463,84.3934043165804,83.80684326849287,84.01062050444958,5047
82.41626996467502,82.67197411546246,82.26623039588702,82.4050650799864,34270
80.99901332076362,81.70713424602829,80.65727444231004,81.06583578843221,17563
83.01449380705378,83.62590704122054,82.45420100736195,83.31571291225657,4487
86.93310267962067,86.9867284826838,86.55392279278293,86.96294218878785,10385
85.18558644402556,85.95013715281313,85.10643430668793,85.45209156203283,48818
85.16160271675709,85.6029876283931,84.50869844838724,84.99716732674915,13531
85.70885433452511,85.7450748455893,85.43052351031179,85.44963557493455,34541
87.54272400344517,87.97846602936359,86.92766442441406,87.68247425805511,23953
86.45424148551572,87.48359479383808,85.98468172540466,86.40205969727177,9904
85.9765379156293,86.54650489577318,85.81732200180748,86.10145244289859,16061
87.01311067436497,87.63771211459309,86.86431675090702,87.12262114844755,1690
87.84407416870494,87.98989335245948,87.42427751856725,87.70821507258653,37602
87.22415359889511,87.33846898912846,86.50703947421337,87.2308770516564,17388
87.37617432476955,87.85000937282364,86.69159419615515,87.07322080860092,25462
85.21262242915905,85.52984152039845,85.06885605799398,85.29488635809736,8487
85.17712190651682,86.18957571662325,84.9615507212768,85.00722029898195,41386
84.7010476641755,85.03340578627159,84.22209400420589,84.68454884232047,11702
85.13168032553831,85.19050849999559,84.85593893089815,84.9964037874555,28747
84.2299952182204,84.38758009784658,83.55113915917396,84.30539082033941,43764
84.91013356065599,85.12134054430066,84.70190752280124,84.91855048995369,35946
86.20559169021513,86.56582725724259,86.03527408763128,86.2255095896643,30557
86.29924040455953,86.70676863959595,85.11286947777681,86.4437842863331,44513
87.03227288984647,87.12551706621576,86.90026228782439,86.91718036952531,9646
87.11701385363986,87.92125068852123,86.86768605489263,87.00386549959468,48214
87.12468030362349,87.32309859457735,86.66524247081969,87.02137641057222,28276
86.361572093138,86.54136313235195,85.63136833558853,86.09691608726926,21082
86.77367612165808,87.24678670526093,86.3817354653912,86.52287316882756,13533
86.34911412610889,86.68666960759002,86.2724890071696,86.41391500322796,37501
89.21089184713333,89.61608472811919,88.97625768491183,89.14438081125928,48833
91.15221877780598,91.32393915250353,90.27860867930647,91.26604591608427,34815
91.8168080838309,93.22334052381247,91.29286682769315,91.81251946300024,2605
90.67111837249624,91.36013325781158,90.23540126626104,90.78000889314558,23985
89.57268479671467,90.41743993154628,88.341476270026,89.28339404513184,36883
90.96260777918918,91.2111802937079,90.54821313101263,90.89649000861158,20474
91.23311373365267,92.17840671064094,91.05077520686714,91.27291404138866,38876
92.1680328839542,92.7372844934822,91.14691260065064,91.94852993797647,35657
89.17193405561554,89.56671857434212,88.82924463415684,89.560737891174,4290
90.45872111092329,91.32635994568969,90.20671644433368,90.82458116010754,28340
91.60741185582927,91.7342691929686,90.86526805274653,91.46183412967387,9421
89.96757517406427,90.17385244185887,89.62362430736863,89.95669609044356,24839
89.38318418376362,89.54541879600801,88.8876782353732,89.33843522261844,19831
89.4717229413239,90.0225614958767,88.86381749903144,89.70970414534038,40538
89.7940751074908,90.820794119379,89.31221413570391,89.79824780053934,43539
89.78097882575285,90.21686832219497,89.24107278638688,89.42266054195498,23611
89.44893703742076,90.15573539811938,88.84249607898735,89.30173213008331,27312
89.01226390825923,89.21105567163757,88.88545279907756,88.98206223153724,31678
89.12515826729091,89.71260888130236,89.00156654773053,89.20348854817507,33110
91.11830010242944,91.73863551763202,90.89289692259021,91.19026250630911,32133
87.32423524508654,87.88474805467523,87.08236741372467,87.69768670392197,39367
87.4486953673139,87.95805972684941,87.14887894693678,87.4036579368721,49116
87.80077364920794,88.20805615134678,87.38067000752065,87.65255613794815,41578
87.78176036445623,89.19192595510842,87.58766520906838,88.05925609613891,7600
87.46974892279935,87.91405692524911,87.44310430130479,87.58561012692124,24337
85.09772171738427,85.51156811411091,84.90991857144081,85.29517401182204,23603
85.56635677983734,85.86310033141531,85.50152281085158,85.7318795245017,25930
87.97977020326158,88.19541836380638,87.72833050626593,87.9703606072668,26894
85.60557272394351,86.34648801543214,84.72306523738685,85.96393956570762,36182
87.20200301273073,88.40655720157552,86.6859091176852,87.0950032410915,21629
86.81392184395855,87.00261167464559,86.26021886119534,86.6832286611497,13903
86.57732699411268,86.78079892808093,85.24035134301407,86.62082842250226,23421
84.84704790210137,85.48039387088605,84.62816013413229,85.27010846955683,42869
84.69026485458836,85.68055197547577,84.48504191792314,84.85937577982428,16260
86.7445311214502,86.75033251446223,86.22656603375975,86.53116224686157,2018
86.8196718938631,87.86830076269798,86.38168141823168,87.3047360084873,48838
89.52851227804055,89.70788636273357,89.32980301250875,89.5907820666103,10592
90.97576814982048,91.56778346046306,90.74552246056464,91.19097900224416,30539
91.95756328240493,92.08595514673955,91.51254171936135,91.8098283598211,40209
94.10261350176866,94.87474708861579,94.02066209421595,94.22984526826652,14448
94.94583067617525,94.97238671650427,94.80361937996479,94.86918509864624,17672
96.17506090301725,96.41363309959569,95.54407804256888,96.06641738972672,14744
96.00957342355859,96.18543076701229,95.24543549290571,95.65827303808564,8341
95.73401688732085,95.91093921675326,95.65660588113992,95.7728895600383,8494
94.86142030501902,95.0535062948771,94.47258510515772,94.79012971586813,10150
95.93035700384574,97.29104956771806,95.38582045232107,96.21612958468609,23444
94.75986660499619,94.88798049581301,94.16899737621036,94.53479559922715,27007
95.5175872473923,95.86372904819447,94.75045836847606,95.66309250395857,1783
95.30164947944598,96.00866604148044,95.15242904485126,95.40865107620795,42462
97.0996186883479,97.65755481277694,97.01926124710364,97.10393938539289,34119
97.91004145993723,98.22279898443703,97.52876521046949,98.21704522479196,4461
100.96514039340377,102.16833626843449,100.45973341512043,100.918965923896,42293
102.24283604617871,102.5069818540371,101.90052862325271,102.04538510937678,2493
99.71788966512908,100.82449611130892,99.36787499822287,99.65950238696499,28465
99.26290372687056,100.31122343321353,99.2310717006715,99.57934648902842,23793
97.8244175597418,97.93156064828011,97.49482181515224,97.84864670354075,25604
97.25163489066104,97.73773455461239,96.98066802741046,97.1075217150425,47853
98.95514338303605,99.77624339658489,98.94574700505112,99.32821793789762,46426
100.08236636374458,101.07652670376281,100.06501245671669,100.29796004115956,14671
99.44052302189326,99.5701707835895,98.33062907482271,99.26650019021068,29403
97.82974906821194,97.84618614870563,97.58260736022709,97.77693086302008,47999
97.92518459713249,98.16585572782482,97.8170691468908,97.84456623562329,36713
96.43594356746063,96.4767655199161,95.94345993301394,96.0786281471343,44496
95.21975773913417,96.53733061512365,95.01320782402836,95.13061031556546,22306
95.72064263551958,96.1200492439692,95.36161387260488,95.59486120942218,14873
97.79796032216058,98.31115443723249,96.74585447671976,97.27060858784199,26022
98.13629976461824,98.59256306223081,97.3374495709294,98.1782816928811,41030
94.67227812396573,95.52503393789522,94.50746798760346,94.82359434699336,46511
95.35699328574013,95.44761660192314,94.9114694549949,95.27547627455706,34607
95.4812341379143,96.46218986549266,94.59253535456182,95.39747686477435,35619
95.90767904991426,96.0993473523152,95.5326185292594,96.00881769399824,26079
98.15249116243136,98.75476883095547,97.43192243385813,98.35557516775093,16660
95.77168232895072,96.23607940576798,95.22052213792689,95.33128147143573,21722
94.56686476452298,94.65025663946793,94.38382174877695,94.50508802264568,25387
95.22197997550397,95.69148535027641,95.13742708660634,95.36164385098105,40959
93.28894441577388,93.9895580327042,92.86726876236182,93.11836455218976,28212
95.17777672585095,95.5552937822856,94.74136332648635,95.19855764785675,39860
95.69517907140467,96.05550686423399,95.66410536944157,95.74360263282361,2340
97.0876332096819,97.38938221113662,96.77476481616303,96.97857636438873,38089
95.91895852575453,96.18534335238931,95.52297103612527,96.16743252748178,25846
97.4291934277779,97.52543217409414,96.96830374862301,97.36052948520938,49914
99.31894298800552,99.90749938692628,98.76965613478534,98.9404059375711,24114
99.39839800687639,100.48504215699035,97.9632856863617,99.30580970645325,24447
99.59983366902554,99.74962798191105,99.29034612601369,99.67483142507493,7246
99.99744121835094,100.26111808619171,99.73524048118145,100.09896264339466,40539
98.74158116069167,99.42019680014114,98.23820422837467,98.82268295487086,35374
98.57366628323808,99.39861502193551,98.49204129909067,98.62375979154969,43261
98.34348354660125,99.19042873141332,98.31597420322198,98.41784935945729,5544
99.18496104832597,99.67990570445679,97.88517423596113,99.00352492313841,11368
100.15971433094666,100.68514497695736,100.05178824774012,100.50811749933916,43971
99.10290646562409,99.3409190896089,98.4731406636746,98.93234708926741,3061
98.69162129601237,100.01696036835419,98.45195414187195,98.76662200703221,25902
101.0572799752029,101.80515397330687,100.33393666255141,100.98115073287144,20832
99.64990515528312,100.43402011328536,99.63495441168989,99.87502103776436,47031
98.92533636098102,99.11714663067828,98.52347352771936,98.66316247534431,42980
99.22888925870747,99.66708385067359,98.83228903300163,98.98229763795553,44938
100.44819088807748,100.84441273639342,100.19327377581543,100.25578189116861,15166
99.98917731972209,100.84495915831401,99.86160904001278,100.29301596955935,29787
102.48201521985368,102.60419240860432,101.52645835471985,102.31235655854745,35300
103.73165282165111,103.79118335343836,102.88218195401323,103.64772820148261,48405
104.64021489120276,105.81334645299351,104.33472461730888,104.9772488094365,1360
105.86564388026838,106.058549062608,105.86126110405108,105.8707886466321,48874
109.66831736306762,111.00585938052126,109.25513518876268,109.5884198458027,18412
109.39461547427564,109.6705331155711,108.93149316082254,109.27308735033596,7285
106.0485592723906,106.41921057449854,105.86297356057982,106.01097597136608,31160
108.64645240740244,108.6696109552407,108.05928584418612,108.58320672512166,39295
108.17733210514616,108.22422952123654,107.70946972664191,107.85944628752335,7358
108.3205166058615,108.46875539698186,107.93352999951833,108.05555705166223,2997
109.56783422142722,110.6352081940757,109.38984964636099,110.19973159417242,44933
107.50494718038266,108.39771919995358,106.49527193353438,107.57324296995783,46751
105.54033527256877,105.84802051646368,105.1873506925142,105.57510137041615,8657
102.6992462575997,103.41287625381538,102.66151524179294,103.06039018268723,45299
101.87252804064214,102.18531988312014,101.63633158096478,101.85334232209999,45579
102.80149856173043,103.62843726477603,102.53338027409984,102.54538985651405,49873
103.14755282644315,103.71774480031151,102.88936514314695,103.37219463497456,11603
103.89110623281562,104.47450395061917,103.01702597488996,103.82125509747411,29360
101.4557203773776,101.66475943040248,101.19658493646568,101.64189244012462,49719
98.00828842060436,99.102360160153,97.48212974188664,98.14017154313599,45229
98.53009138091664,98.87788769918862,97.39170603752491,98.23981363035757,30632
97.45838525111562,98.373982361072,97.07065737567716,97.56425374878516,10658
98.34689140661621,98.49873865134934,97.74164550933956,98.25606104954004,5132
98.93861784604783,99.75095164270593,98.64982267650582,99.31028023702908,13699
99.9068097814855,100.48618899598658,99.23692261472834,99.53607422344824,4198
100.81225461040754,101.03500433619118,100.23582932951005,100.69089138637797,10567
101.02033617405071,101.14983973757396,100.88889425534272,101.0572220282884,4671
101.99821090718831,102.32675135214365,100.93433895929951,101.88093647234395,38349
100.54013262521133,101.12119941678715,100.29162760444478,100.82442108071534,29904
100.81080891756358,101.03565199194253,100.37231378345766,100.5729477126458,26376
100.8245439887948,101.38437446468583,100.4086740560977,100.88991758339102,40669
102.11014916736377,102.29545310380547,101.74610244798951,102.15184132080306,21129
101.46907701283385,101.92320167121257,100.9354233035879,101.56895090286895,20745
102.26438287289112,102.82656969588366,101.48937637799611,102.3832808641941,11139
102.13720235181616,102.97855566616455,101.35923372513959,101.99549580490788,22796
101.88818442193698,102.03629580015733,101.47471747609129,101.83606332954962,9551
103.25797601807865,103.4410459803306,102.26189503931077,103.12355484766498,29875
100.05944748679882,101.24803124613393,99.81258482624895,100.06120750129786,49875
98.23604699954655,98.49917955664522,98.11552587795978,98.13532094321043,27118
95.89273046495268,96.405502178478,94.84021964832118,95.9731269122682,15652
93.04594784982545,93.7789999251717,91.69612977272067,92.63285499712991,34715
91.42135152842813,92.4897380857979,91.3621975546097,91.70893799511028,41180
92.99215120827826,93.66232276584346,92.59216029714824,92.75822658833278,24117
92.63313379171977,93.14723362399256,91.86961065001435,92.38039812193664,13265
92.51500895315964,93.30162934156884,92.48469521664856,92.67295309927641,35979
94.62562284792926,94.97809522086924,94.15137262037003,94.20560271971011,10176
96.29191030398471,96.59623406075639,95.64678138055034,96.10057592494724,49868
96.20663090335736,96.50306056008631,95.95455026296055,96.02013310995056,16572
97.99440132305796,99.13461508016128,97.38706447242113,97.98890959595563,18164
98.1012793873214,99.05724244394906,98.09735826469041,98.14391823994498,36619
96.89016756625209,97.06682239634641,96.83429343138641,96.930763881389,1598
96.1609638105494,96.90615866374868,95.57458778090704,96.08591483131543,10940
94.2345938910355,94.43989813055799,93.51152486575126,93.97125143551708,7155
92.77178943451126,92.8186098684565,91.43312655031256,92.73815994064019,20161
92.09050326749619,92.78168995034301,91.91771501739986,92.25868043942734,28122
93.54318274178233,94.52860625988687,93.21137088646267,93.38919757814665,9800
95.99492149627486,96.27179411575045,95.56682585634103,95.8183951239014,17868
93.97386346433196,93.98177452421851,92.97012707105215,93.85098258432592,38837
94.56354556988519,95.42504557965668,94.04860774772207,94.42276143907739,47059
92.91750528129367,93.67545871099308,92.17181629426432,92.96788050935595,1699
93.47445103134977,94.12960467975846,92.81850791257527,93.64844781843361,31744
93.32071387101472,93.95901272834467,93.16165031026473,93.48303658749795,2258
90.6369140633915,90.9809449425736,90.58835303774953,90.93435365022593,26497
92.26245403521871,92.37437717876288,91.62889580190723,92.21875182481192,44094
91.38505492713709,91.83812219999447,91.14461992549198,91.40030941635175,40103
90.6068077869313,91.13238067786833,90.31171306144381,90.6866097734629,12403
88.72198842158183,89.37291311045787,88.67755217427057,89.24956380326486,13670
88.17099174538774,88.83148231431488,88.04574529010505,88.3914962603035,39392
89.1759596663835,89.23380641849754,88.12009817008982,88.97650270388311,41167
88.62376339675792,88.77283332296219,87.74538655760348,88.74172351022854,14764
89.26128970753993,89.51620837656311,89.17621817549316,89.19696234295364,1149
89.4495503982605,90.1348030248839,89.42093651067323,89.69903668506197,22778
91.75717323984077,92.09653370803406,91.32306888530579,91.49390766671561,31364
91.01553871729028,91.41473598519313,90.51221992506109,91.04176378169974,22743
89.09478823990447,90.25463590861955,88.89669574316939,89.0431360269497,46803
90.90727989097788,91.07823293557472,90.29575069866878,90.48637711630252,40866
90.32767158790273,90.5345589006101,89.6139132506178,90.054546935476,39605
91.52202017214982,91.93027204412776,91.27568906884872,91.5781696090749,1994
92.01382126904032,92.5004120150677,91.99645134408155,92.12311985742564,42828
91.90045805019669,92.20636646792511,91.17384212449382,91.96033250520618,38006
92.55411798798012,92.74068981782479,92.13428118933132,92.4598277795017,20450
95.16414268001917,95.44170948400661,94.240637988403,95.18417402463142,29887
98.09104483617485,98.57486012310932,97.73731608427339,98.1686460012847,41387
98.578865309453,98.78121518300043,97.57204105475951,98.29044551189521,45404
98.52377175242694,98.59042684320151,98.10696588370706,98.54628167275685,27990
100.617522265756,101.11856667973315,100.03853539744466,100.15688291466962,3025
98.92438274213565,99.2234304666972,98.4400097776828,98.90643269558689,31308
99.77534999872857,100.69447277138522,99.30713335985826,99.42035601800993,34320
99.4727069811173,100.42595267255325,99.01787513108684,99.40167068594535,3886
100.0819755153057,100.71219825383439,99.83874193044423,99.88959602999631,41048
98.51791929043276,99.30869239886286,97.82206701917785,98.66090084864801,10876
96.16372841965627,96.40267750467312,95.53143791081189,96.32821061607389,44632
93.43800358385677,93.99343652411991,92.70750120120061,93.35217448281007,27997
91.9877019838142,92.31092605287262,91.58059941490448,91.80619136750474,16784
91.20025635646905,91.5532405122305,90.2518513550768,91.19291414100796,3881
90.57646278688809,91.01011060563185,89.95942954470621,90.81009779601426,1875
93.21278337893115,94.08511505759174,92.32913309064284,93.46706208527912,37330
94.76510505089432,95.35091022507476,94.0917629981119,95.03636476226167,19480
93.3526720499184,93.6914227312164,92.91559464473353,93.68386740120651,42162
94.21184938308255,94.42902007562117,93.46345579437772,94.19122426299216,12295
93.84560132899429,94.04888622487502,93.49296325870036,93.63491454605492,46097
93.25174361565877,93.40706452314308,92.74094674044869,93.25424577384103,47137
93.10928985189678,93.80532557425299,92.85303748532766,93.53213267787748,5986
94.38350200624312,94.84800909953815,93.765717128726,94.41952503036184,32699
93.9273270516445,93.97505784121293,93.64050016058601,93.95791956170517,47046
95.8763057447279,96.85022663933844,94.45566951083825,95.47607029669129,16831
93.58621569822051,93.95910590854562,93.4819502772067,93.85974889544585,4313
93.81408614293589,94.24522681466705,93.28030427097873,93.88744558724827,43898
97.89741885956995,98.03450883794585,97.55558421875475,97.56455733625357,24228
97.99865563795224,98.88874165571113,97.66628416712442,97.91054039281964,2326
100.14772667784518,100.58899681370436,99.59019573162202,100.0350246035078,42172
100.21532092787726,100.3242752328888,99.70404653392542,100.1923599575576,34264
101.15194468988679,101.1700634038532,100.42311146359609,101.08523984640492,4445
101.1764649826689,101.22720379985856,100.57773019912283,101.01935775200775,13675
100.61818241807924,100.83895236655732,100.07415258668584,100.78134465747894,1893
99.79809157362199,99.85153596158639,99.25806840000182,99.6231416652281,47788
100.01069969523043,100.71127820909386,99.8779211652941,100.28608589219368,2222
99.09021653123582,99.7728174411128,98.98086490847716,99.0251831339459,39996
100.06939388541669,100.07051978843481,99.91496391020712,100.03363366933051,26052
101.55678646192773,102.0966337625614,100.94116532267033,101.68211843549679,29553
102.25686054802438,102.62031891220951,101.76842476933783,102.26150020859927,40768
101.71606658414966,102.23290463942296,101.57263956503857,101.84286913474774,44853
102.3369146867577,102.94747187900687,102.21336734146686,102.55673506485292,7243
102.03018907336548,102.65919387947046,101.29515716439717,102.10239890017591,1876
103.32699495983627,104.7002651595314,103.30540105006612,103.5556434668683,7105
100.79659985251095,100.85812805653242,100.2261593615901,100.73156806306116,34442
100.01404076213541,101.34357398116984,99.47430716184735,100.24462053001216,28858
97.40965620185136,97.67659418185595,97.15858108225798,97.27114655915113,5110
94.88446749802176,95.6950199045718,94.60233317786104,95.10920657148482,12480
96.9640212440315,97.34241301778971,96.84595395297487,97.07396623105537,27324
98.27395033626918,98.51932996798642,97.62429275030685,98.39686837495859,36780
97.61264705702203,98.10494099815907,97.04511726083054,97.35462872143995,17826
95.24283862615079,95.47354222983189,94.61341364698049,95.17996465545112,47532
90.92802301359514,91.52040565994066,90.8545874271536,90.96654439829469,49619
90.33315109915301,90.74842328868647,89.49948500816248,90.24313908338493,38535
93.14337211373784,94.24925629452311,93.05896976529114,93.53757544004793,23258
94.15832978607602,94.33538603370761,93.94754928880666,94.16645326038177,43981
93.7680077319922,94.19242958478591,93.13998101142136,93.3948924882326,36666
94.09001158741576,94.23449953674302,93.5775629573747,94.06511320920053,26459
91.8939302899682,92.17028327941594,91.64682743355975,91.88145036900333,22745
91.59034571694683,92.3719629081692,90.85243889946939,91.49004913217841,41783
91.80902036886948,91.90826806653125,91.35818894115937,91.64486512541117,28296
91.17911834600669,91.9132471474774,90.68870098720333,91.54483385908601,9962
92.33732413021497,92.70637802888572,92.17261452414648,92.64905605123082,49990
93.18572750291949,93.45900194103362,93.00474639640903,93.14655168569107,4349
93.96442666676553,94.10413234997817,93.75466939731372,94.09896495585704,35055
93.39057818455925,94.06111974250372,93.11817114990714,93.14615795991497,33141
94.35969099669865,94.68133466966466,94.35375647872304,94.41920802926678,29722
96.3708230408056,97.57301943603366,96.05433233076326,96.74513591873668,3545
95.11479918054961,95.4592511647964,94.76888199763359,95.35662623881784,25137
93.58846069379393,94.94460516463963,93.56958558326501,94.10598262122866,44731
95.9654263157041,96.1130168740971,95.81559156360278,96.01038328084482,12737
95.7179431399243,96.61603558020964,94.959089671662,95.75402021498482,34886
97.70647816099152,98.7150956128581,97.25680570976087,97.78949414834034,43078
97.36956950237713,97.70179082693774,96.39808781647436,97.15992189604232,47657
99.53796148376571,99.57280616998509,99.10892059679821,99.2999355986062,26290
99.48173095562089,99.70045295806104,98.82336667914079,99.51564358283959,16380
99.4944123138061,100.4617623354248,98.7281290469059,99.92101382472511,35281
102.41249999417812,102.69002936904066,102.22885708613293,102.28622119361617,24821
101.8646340135803,102.44946761576561,100.95735014534287,101.75161641169727,31727
100.39764226808596,100.66981790976389,100.24186391070066,100.33555631746269,37342
99.87618816063903,99.99837765078645,99.02910736708509,99.68051933837678,35803
100.14294528156691,100.44982023329321,99.96672836194195,100.37678868896178,12896
98.43325028314052,98.51936364588771,97.80837052959396,98.03937603380824,38034
98.80648278296398,99.51401591302427,98.14659355543671,98.99644265204938,27550
98.36336693352979,98.78895710611646,97.75579561104935,98.21619528287307,46607
99.58962274403117,100.7372147155153,99.42284396784633,99.92684540845107,33313
96.17879057198215,96.65409890165186,95.76373463028163,96.35806758720206,44698
95.52929912329908,95.83080789859918,94.85275021161415,95.2404598289305,48961
92.80175868213352,93.07316034197537,92.7196062280213,92.85020788774054,49730
91.87211638094617,92.05941072207298,91.55661915104422,91.71804426359505,37490
92.12075569287235,92.26839780228502,92.00620463328119,92.07711935365516,30267
91.82871431446907,92.20963824310297,91.64296998965307,91.84799470678254,6788
91.76691272835787,91.78781637156762,91.3953813016353,91.51728098155058,19920
91.27383996161723,91.53947083473612,90.97762908149414,91.31706193871538,24291
91.28763681109203,91.75678552450259,90.55483289131834,91.6139175995976,39245
90.10132242074162,91.15807761100417,89.62876221866065,90.2463013154755,29849
91.32176981273132,92.11397524470706,90.87417405102273,91.22120906089826,22517
92.21908048348878,92.4495304805625,91.88429127978308,92.14619116804161,8184
92.40629447342215,93.47505805840743,92.06315346868865,92.69681709742834,36074
93.35375325179196,93.53978287757795,92.80077946226376,93.48918964211757,22166
93.81429097373434,94.12720485828025,93.32936047500036,93.92356566041006,2770
96.73870865236285,97.81872291490603,95.91444666636231,96.80947048813427,14916
96.43625109315046,96.89046353770405,95.98933854510626,96.70235927349894,44093
96.15527022352757,96.45920789506084,96.03376731224269,96.27626466975985,6822
95.06857951148704,96.206616636196,94.96802233621031,95.20731761125704,20901
93.89684051761473,94.29100447323027,93.56009933616146,93.75217467574006,26090
92.16975811973441,92.83107898136224,91.75343403246507,92.0208460645221,5103
90.78594921795752,91.4890411002843,90.41084746951655,90.81243202258426,9116
90.66317172429048,90.89716298183336,90.33781532370534,90.73431464867716,47073
91.23296637940436,91.25397648244588,91.15574091831118,91.20744210222635,29936
91.1465521227231,91.90192625670808,90.57412680448738,91.29565163581258,11306
90.05852125553473,91.02486661956497,89.98202803158352,90.2655601360925,9315
91.33038312163173,92.02106976419401,90.69961941318739,91.50244820657663,21861
92.41813408337794,92.9712485701414,91.64339526903912,92.5356197424755,36456
92.1176765824244,92.42548293843835,91.78727421634991,92.33252954040199,36789
91.4763546867303,91.67738136025903,90.90245004917125,91.44671505809018,10566
92.35186817234178,93.18747571112117,91.99107119943679,92.21728337819215,36555
92.20214336542472,92.71281235346376,91.80988737021642,92.49574303864011,44917
90.50960663507264,91.5382446153433,90.17665686822436,90.50505808413627,12090
90.39109276956056,90.720220663965,90.03632838991729,90.43087074050645,2284
90.86641979618095,91.53583865413832,90.63946938680806,90.8043988144208,47985
89.59479747851718,89.67905919262705,89.56235863435484,89.59711603113134,26577
89.60890631331809,89.9030774803677,89.33633058359543,89.87017676177457,39046
87.7049773476945,88.09459368555802,86.8726853894067,87.9269734885201,16685
89.7121398732935,90.07808764507519,89.55451989651219,89.7068608800903,15659
91.59211686757183,92.03348791548802,91.31901747300287,91.40404738769188,12028
90.67279244908416,91.65276207715681,90.42000765572877,91.07611160130679,11634
91.65418772857495,92.28309234217976,90.97832307582757,91.59085694115223,24108
88.50835597921115,88.9469619321774,88.01350354430147,88.29827284240672,6183
86.75781946729883,87.20441585924087,85.86658020526616,86.78437997887339,42258
86.51440176854379,86.5520182198806,86.38540750422104,86.41930553332517,26050
84.92720698384298,85.1912926772323,84.90102166720308,85.04679452716601,45848
85.9546357927442,86.1729977068657,85.82183486786197,85.97516084910976,25607
88.2810016989566,89.0084630176842,87.38391795730007,88.568124238696,15859
86.61465741111442,87.0586712816124,86.17134291016797,87.02267948377134,26230
86.10896499253833,86.71610294197464,85.85958433932397,85.9469093787717,8557
86.09769327929274,86.40110123108921,85.75344998192529,86.26763965426515,41380
88.28919127338175,88.64549587990612,88.04771825125111,88.36970099229498,36286
86.52646710269636,87.12856088031131,86.50501273197857,86.76706214499625,8210
86.86289675028851,88.04872569536941,86.2777347521608,87.10853754793358,29517
89.4746005085967,89.71597953424836,88.66888593601487,89.5057194454241,27361
87.17859930400951,87.61723696405858,86.98325728172127,87.305992225688,10849
85.71052139141487,86.39971361328095,85.48450941042697,85.64577815093138,6982
85.19574451382418,85.54619807067044,84.05781201700897,85.11870554495836,38254
84.52525712309549,85.04841930814456,84.29047222434951,84.471052108708,13938
85.5583747225346,85.68110441155181,85.27335483982336,85.51756560495137,26427
86.11554733681422,86.9395782835487,85.08281445905713,85.84466138223016,13137
83.39781406022644,84.01014703143102,82.81565913471182,83.57626505986234,33016
84.22986612985318,84.46816038810356,83.8220901467219,84.23912145958604,3400
83.71541730684095,84.30616225896546,82.51644822786079,83.52619875668415,18607
85.35497492312199,85.39246098384486,84.54813231048007,85.13964996964255,27805
84.1153228688335,84.44152950807292,83.50205032748843,84.35518915197324,22515
83.51432822771702,84.05913888483053,83.48504162421077,83.56653315045673,31007
84.49042863518433,84.8695764642072,83.92193756336081,84.26155384748267,9836
85.32930677733702,85.75290142657984,84.54038196821989,85.24268672134873,22648
85.86621306792838,85.95057594409546,85.20264608106996,85.83269316419376,38069
83.64323777636926,84.02575707451233,83.31430373813554,83.67966934270441,17346
84.30697953052632,84.93318560751389,84.29057759299505,84.3717434369957,8693
83.12751244385719,83.8208102786525,82.81164359034383,83.07962218212273,42539
83.34734719062017,83.73288598876034,83.02833717747639,83.38943786344764,39136
81.61829855636348,81.87134081364383,81.38183398686083,81.62524953749892,34340
82.20096168492496,82.36216846222442,81.99759391071457,82.18804193741614,40102
81.09995528049897,81.96404645583117,80.3486745468489,81.21008777719531,39162
79.74866969505325,80.0194081804034,79.32063155149085,79.6638867067448,37583
81.0021893720237,81.00525420999745,80.05299290176393,80.53280478131205,25962
80.55350990870923,81.21687853466129,80.27103124412214,80.84081600862832,1951
80.16438327350804,80.47350922669867,79.9729913717693,80.11246838730551,30256
81.74787657238811,82.55082009542987,81.6393397226633,81.87235367598088,14383
81.4415099755855,81.72026635694594,81.21404793857675,81.34756938311203,38891
81.4105969531262,81.68865150983038,81.14758371099178,81.40301711552988,23948
81.87221288844029,82.50154721231343,81.38656354223411,81.74765320871263,45358
81.19460104475914,81.2804481582994,80.57804699323403,81.00415920102839,30181
81.62422038586907,81.84951332656551,81.56676311682385,81.59282002260785,27976
81.1395437832969,81.20248094074525,80.1377385738533,80.95625036631965,46041
80.09526783198899,81.01699773925954,80.07672178682161,80.4725711902873,24278
82.39475487218257,82.99879198176238,81.75318592172431,82.13349605710279,19404
80.92857919053567,81.25908874798998,80.37181742754018,80.86791819969761,19204
78.12539555721509,78.14197134820223,77.7114664200157,77.95734394680586,43876
79.66187045142696,79.89269909067808,79.37235019191476,79.85670095654687,38057
82.78860060809285,83.3353127369511,82.29575978766024,82.92638609601073,9008
82.46292061233964,82.48588037271949,82.16977973259361,82.43885863953746,25131
80.05755753311541,80.06241639833105,80.00661958758857,80.06028564968987,19192
79.7485592477334,80.20320956366247,79.63511046596007,79.70343616946133,32688
79.54935408335504,80.02960348888621,78.86490344995671,79.37718256750232,3561
78.88742958889829,79.29723618960203,78.78345984184361,79.16692371297464,35992
78.01224878825568,78.09570361769516,77.34034794285864,77.86060450505076,37381
78.55435247806084,78.81526773628154,78.45983317820395,78.5530513394646,12102
79.15451310984464,79.41848273604553,78.62177896473683,79.18678677141415,8381
77.19975669616271,77.65545131356214,76.59920457596854,77.42756644126891,31749
78.33384073176416,78.3682709956685,77.6037223202154,78.25510847553953,13593
80.29071410832582,81.07131241221238,80.2544552191711,80.68025578615892,47137
81.0094148765345,81.39697878774834,80.64260690006022,80.90449889140758,38986
80.27105014344842,81.09383592079317,80.16108210995372,80.51131294317663,47795
80.36451354699119,80.42736722738945,79.76237009219554,80.35592222725376,27201
81.09425386190568,81.77886130211448,80.51722966528497,81.11358628544396,46985
79.2089376792884,79.41236059211235,78.86879103161398,79.0240942936249,1684
79.20645010926151,79.35012938198844,78.6649150048308,79.23476150867972,15206
78.67715615001048,79.72908721854415,78.65683709999554,78.7865336922801,1109
80.90399141422407,81.4142147761748,80.32571720123985,80.98604691362905,34200
80.9963347849225,81.7649148778903,80.68696811426138,80.79066070514672,26022
82.91690584896338,83.45030621287412,82.47470691638482,82.82806496855187,15095
81.4104828784174,81.8101344022449,81.11777431783459,81.47331998818073,15942
82.16842871693845,82.2158150342123,81.9123544792023,82.20730396237212,32544
82.35864811878179,82.85963672620973,82.21537105290837,82.61760094173181,9835
81.6205111748951,81.72994909119338,81.46219228241807,81.55714548106612,26213
81.50260339327289,82.17919976397991,80.722038823308,81.79047572110065,31066
83.4196621064929,83.49471481314608,82.9167072473155,83.29442120352365,12758
82.9278565884698,83.11436769292968,82.90474379039465,82.90652944877854,12193
81.20481155146383,81.61420921694167,80.8129741797144,80.81898948667391,18357
80.63604973030496,81.09674460752262,80.47379356730441,80.81386213624468,30018
79.71972872549264,79.87459523772074,79.548541511364,79.73610047510505,13465
79.62795534387209,80.19682360182811,79.21772978171838,79.34259372296938,19584
79.45022379261492,79.61808661586187,79.19444799689023,79.26136146277064,27628
77.14176515508402,77.29521374767731,76.53159210715057,77.24932898271247,10150
75.4264220061712,75.57710474157304,75.38905014892079,75.39265100984133,28877
75.95319770426791,76.05625726636758,75.53493838011016,75.95289399045622,7767
75.41505807152112,75.42256249985682,74.71892917558067,75.37255460349922,7984
72.38666728243813,72.72562664669229,72.33712826481519,72.48795912020162,12606
73.34272850358545,73.60930019899487,73.16381502610963,73.35583284864643,15039
73.43474498410593,74.19914666624078,73.24135530207805,73.67020266883002,2461
72.91576710130549,73.08507036392417,72.68934459509539,72.89606716485964,48118
71.5350968739362,71.7086403863953,70.78015209636114,71.47077022564235,16098
72.3481801559841,72.46782066005352,71.85584466650613,72.38110189134139,40426
72.53980360716056,72.90786533398712,71.82400931995564,72.7748738568299,45195
75.53938403193509,76.13077413851963,74.99558545689509,75.39033254020119,40231
75.93590372430839,76.12903133474376,75.64882811176902,75.88058297952134,41736
76.22620250573367,77.01393233976724,75.96438927444413,76.33704620184655,5903
76.11843011669389,76.33405603088424,76.08810729751316,76.16117183439077,19228
76.87807143217773,77.58483072999199,76.63465462319215,77.1095031763386,37563
77.68827311475349,77.9341792269923,77.47014730182717,77.84792521664076,29215
79.23983378481114,79.72005216471963,79.18564399319995,79.32515772456283,1277
78.91411673788875,79.18641602977422,78.54426396316478,78.72071241491275,28800
78.122275879185,78.80333437852927,77.71206669891338,78.22232276048184,40421
77.77527702234177,77.83017432007517,77.57182088177966,77.67581878197424,41608
78.52810948313285,79.30315380955697,78.0519469100155,78.61274651353223,19810
80.43520667012059,80.53163682499859,80.2235015971798,80.39533901369597,12578
79.83550537744459,80.3719123431494,78.78707162704863,79.85808852649949,16168
79.5038165608342,80.26298375949989,78.82945305188956,79.36523587483731,15522
79.66970334789285,80.26524252224957,79.38355053264563,79.75501111634237,17982
79.22699194832138,79.88706533430647,79.19307990487711,79.47695145108318,15787
80.40499453551865,80.65336838903177,79.62556756361896,80.62784167091478,23402
77.83773963945949,78.06311250447054,77.3231207183951,77.92062809625605,3002
76.77767140337073,77.50840887200849,76.2852221614485,76.96995157428366,14484
76.14442686174712,76.50776839447289,75.78157621507759,76.0820073545594,16419
73.38074304374877,73.63105052626906,73.12418485105788,73.44916360803693,8513
72.74603024125105,72.79900037750757,72.34220959916797,72.40217687436696,44017
71.17454311287626,71.56319568067053,70.79658982668555,71.42276788523479,34098
71.2506068347824,71.55769066426716,70.78473850825554,71.22160067290676,45687
72.26146951328018,72.73526984751017,72.24323285992264,72.42485317751725,28517
72.10189030358374,72.57440938952698,71.78048550886786,72.17311092292165,6372
71.09169186416507,71.38863368336962,70.808263206887,71.07159005049624,45326
70.69476721478179,71.44631599122849,70.4186366260631,71.0250866214367,23444
72.1912336998259,72.26734657866771,71.96859647199753,72.15705634891796,34537
71.38580414162473,71.44869969619602,71.0326147608485,71.11515303085835,19686
70.09441629278649,70.29846577297847,70.03183180350761,70.15804097822257,25219
70.79664103996964,71.80957048435613,70.54867401831501,70.7598730980148,24978
70.68348073221401,70.79030404702637,70.48879048168159,70.53888706109832,14950
71.21472811299859,71.27846319071534,71.1156492806631,71.23808758058672,28181
71.15498003147174,71.25578579283608,70.98760560318976,71.23775262786623,36952
71.67406018143963,72.25613227189412,71.43459791917834,72.00177429925036,1992
70.98915299975029,71.0156919118132,70.84612646481811,70.89826274287148,7414
70.88354349636259,71.30379168137846,70.85497467251588,70.89959068421892,42269
70.54653042415374,70.73968162972847,70.2707674830178,70.68970306566177,28912
69.43215179455309,69.45560440767936,69.11585673587153,69.41457648049759,48709
67.72138931871723,67.8394999065998,67.46095063159616,67.80053700197516,30628
68.43910285827833,68.56697610324925,68.28684568035601,68.51150940197869,33016
68.24720266701962,68.60187281629153,68.00937148209245,68.16454754234947,45051
66.95323228985573,67.4974747744701,66.85921175760656,67.13293135895861,33362
67.18995028148872,67.24897680605947,67.03401680149821,67.04950633567063,17151
68.00677568917551,68.63726219079601,67.76997205294322,68.19741284977673,26871
65.79063121048102,66.44930923855657,65.48302423229032,65.8779460257026,12545
64.65991172121663,64.71799141381787,64.11871841824738,64.41218937240629,17379
63.67664411653823,63.86301880925627,63.5013809507244,63.533394766312014,34333
64.95128278619282,65.07167336126128,64.48825937791057,64.9386062517183,8299
65.10416038725818,65.52194478900743,65.02979168292975,65.2268560452035,33926
65.92079274049289,66.04659059114002,65.71235904087213,65.99064678418105,29619
64.88475307422546,65.48210015366855,64.78374296022432,64.8752455661701,16110
63.80355601485866,64.20693178173994,63.71997452455607,63.79876814285864,3202
64.22840223765712,64.61575653388854,63.992121363772355,64.24007734875298,35526
64.30511295598188,64.72770963999842,64.0796107315742,64.30907857712383,41400
64.82346871231675,65.41140009073919,63.901259451388626,64.85127371014902,36773
64.4951441987263,64.8312079752205,64.3742818867585,64.6816834228887,21624
64.89737212103772,64.97280996783233,64.87433526870991,64.9644818264823,33023
65.25069836577369,65.38210770675869,64.98624637198769,65.13155658911366,21322
65.72408229744242,66.2156492200861,65.56370899657719,65.90444091116177,18554
66.69011069904855,66.79384409488706,66.17511316572444,66.71540324382741,17031
65.00094555529168,65.90794293950603,64.78222679287371,65.10769012483773,11331
62.94000836499483,63.37809314204876,62.77683476518331,62.925994691936324,48498
63.834462299072,64.15656317240257,63.327778545039386,63.88411727450407,33644
65.22721036402173,65.43840762525522,64.78868906977948,65.03504563517623,9570
64.11730441698752,64.38387941071106,63.50527303393284,64.05240867454785,43386
62.11492131157343,62.8314610110396,61.91869881569428,62.27831509337094,8414
62.46703340203049,62.78546251476794,61.510015012527695,62.38328658320814,30090
63.16877497854683,63.63377123648466,63.05296172751925,63.266794458080234,9111
64.91037582092586,65.32525891935663,64.36942640176133,64.98536846451918,18700
65.54275368005747,65.69673499151956,65.20688507691007,65.50164235761733,33267
65.08544765576049,65.20384867096952,64.84888647393991,65.14952187431719,49956
64.40454923197807,64.64599079454315,63.8720728616765,64.28974628417856,49602
64.21402410921276,64.43953993319253,64.12347300884134,64.31364724297738,44882
63.95853594258202,64.16384630730933,63.756485910285576,64.03780790345672,12538
62.99277266915915,63.586194038654824,62.936722469889915,63.07557461169703,5581
64.95302321157905,65.0636109010878,64.70692375386764,65.02658632537683,45375
66.92765262752992,67.28873053911268,66.70490604377831,66.78084275068208,46234
68.01762426929736,68.42490982066154,67.76347525413394,67.93219324663674,14652
67.23660684182212,67.4513469088835,66.94083288529853,67.00744887765788,1939
68.1880967894199,68.30113277540742,67.44857114447146,67.8802403223673,32747
68.40378511054934,68.80218117348454,68.26799278852226,68.54508628633053,4728
69.0235300081173,69.3244641434733,68.39726617319354,69.01381022353836,2984
70.15585159651724,70.56545381702185,70.00006300230075,70.32127540932368,46920
70.89511264163211,71.57960668862424,70.62592914203988,71.0055413012698,25287
71.71742925300022,71.99947371546294,71.60876003404286,71.80791908082158,6490
72.3549993727171,72.83064995840715,72.14143614927644,72.50830438751463,33073
72.74010775162658,73.09100185257223,72.71645060541486,72.89345915555312,19090
70.93735785790565,71.20407312695102,70.52246434068822,70.95783407188607,27279
70.88810667063127,71.70816434586258,70.56035579413695,71.0610291967376,45044
70.60109804500908,71.21979225419506,70.32516239078511,70.48238780717544,12653
69.01647740152329,69.42885378821705,68.6963976906291,69.14339058411852,32678
71.29992221636543,71.57438983426334,70.6354859719251,70.90151681322303,41596
72.68884247922342,73.1065549946135,72.52912200873823,72.75452300006255,21765
74.26311056881451,74.47725135291081,73.75347689847447,74.25241560105805,48536
74.35837996804665,74.64259471138978,74.20209273465873,74.55151927460848,22967
76.33638489187554,76.39889069029427,75.86907330201056,76.07679689952548,23500
76.27616768491791,76.43923254076653,75.69081073436365,76.10576676949495,44325
76.39783909388859,77.40428159493813,75.99504621269737,76.35249855670492,32160
74.91309868277058,75.32421784422381,74.57358088580679,75.1154299878913,43566
75.60959912159363,75.78493794880863,75.40396451219273,75.57775566197215,39730
75.49163078127229,75.8374292294746,75.46476822104073,75.66132870726277,35905
74.41506295585596,74.79118232666795,73.49845590330928,74.19805512295886,12832
74.27592699174647,74.8346701476891,74.01683139874874,74.15591384211288,20543
74.0961993857724,74.34111292342588,73.3959022288181,74.08205874486079,43358
75.72359164160069,76.28502956398759,75.36570053594765,76.09438063578249,31185
76.97856637548924,77.54136435755154,76.45831390409312,77.130268652752,14729
77.2650703883961,77.41371623165229,76.45490793159944,77.15893655336214,17040
77.65021635145197,77.68689442796955,76.9914730472262,77.46231080445615,39015
77.70116120242616,77.70535787510977,77.40148789022524,77.52917516122872,9731
77.06255176211266,77.33052162867044,77.04612876015773,77.30870468821281,6492
76.11482829606733,76.33430482838392,75.39147044366871,76.06895076090974,38490
76.06598837813468,76.2369403848598,75.72473631586307,75.91180918346157,15130
74.82841938479733,75.63284570570356,74.64999699643012,75.07742651793147,38505
73.68322002956255,73.7243721833662,73.11264459911442,73.6843849082691,27147
74.3048311097386,74.59677340515435,74.12499075577983,74.26415775960011,49892
74.6699215270923,74.90774022308368,74.40028780241602,74.71486469761761,26721
72.45799767577772,73.12753903365498,71.92284356811318,72.7274035210659,43506
72.56081432567497,72.85338358169625,72.49869038892217,72.60811097471594,42671
73.65882309760121,73.91357366474043,73.0476033479631,73.70707254778739,11387
74.87071903377132,74.9893307214461,74.4756136034079,74.8928981768045,49810
75.97457956386803,76.27834576334617,75.65578971323244,76.06029516974313,37544
76.0524593941316,76.3648425323908,76.03348225548575,76.11990347882097,6253
75.16428646470122,75.2678321934063,75.04435968822395,75.17025592751313,1295
74.02881206521485,74.38777943590047,73.68646101123025,73.96336120568586,14298
74.31520129563064,74.68553445508914,74.2332107931305,74.36047593357652,1795
74.73711751822502,75.16562611234473,74.62459586744558,74.79839968677568,18522
76.27179938760561,76.59806209754078,75.88293925728516,76.25771397193888,49821
77.2333327053878,77.57333355676589,76.21958856912133,77.53119451799438,24467
77.46676135735012,78.13535078104873,77.07106092867433,77.39292307154241,2171
75.96392515790735,76.69158077146841,75.9034972827346,75.96401070813911,25201
75.62159715519873,75.72683706235483,75.5782162896777,75.61559425599513,11736
76.02290384547547,76.54595789489242,75.7240732488178,75.8771083631444,42953
75.36677244387089,75.90225605085016,75.26595420455055,75.66228140018521,5437
74.72538193572936,75.15824196655507,74.6114750982188,75.02154205709203,38757
75.36236992372666,75.52082245039719,75.1227076240321,75.32112349723141,22852
74.76574356367956,74.96635886481013,74.67396805654924,74.76680777275824,1923
74.10259621748827,74.10526652691318,73.65190455299987,74.07738369205553,33983
74.36947345234928,74.63749083628983,74.09727822968358,74.43827333542406,23296
74.10263655256213,74.64449629287942,73.98106664676922,74.00430648671409,38806
74.42865061488868,74.71887382946682,74.22197645046289,74.29007898826202,31285
74.68160147054816,74.96272996627457,74.02729813591904,74.6093822306236,39575
73.31085962186539,73.658353178676,73.20078033905115,73.34912269906324,23559
72.52728909153426,73.39540500511136,72.17959085391729,72.83431330996947,1388
74.53416522783772,74.64556330270925,73.96125509501456,74.41967261430733,7401
73.31604084782624,73.56384131484928,73.11401881097736,73.137332895488,23486
70.92117141478883,71.28684170808427,70.75523746361338,70.82986344618101,20476
68.74476108667737,68.86907447012561,68.63165750632913,68.86591584943874,39923
69.00262129852173,69.04273481500174,68.82161572658457,68.90975927957858,21171
69.07417527466454,69.71040046202596,68.66097608598486,68.9554987642367,43149
69.06228277930164,69.72683322688067,68.76811867598593,68.84764113605061,10198
69.99246478914986,70.69880667274779,69.91012225572825,70.11532224847451,19858
67.28775654833802,68.15767955240483,66.9091877201935,67.31824559901675,38059
67.83274058821172,68.14315193282498,67.40386502207032,67.73151285513511,7080
69.33939837786176,69.67939485903125,68.58839648195317,69.33143773227552,16748
68.0201021847049,68.5032501883783,67.95962356467886,68.17244409167074,37840
67.85391356326038,68.19172095619992,67.53505473615677,67.79769350762935,29860
67.12318143360255,67.28872995170862,66.5658435892806,67.04558801460131,39125
66.17120695839176,66.20678514662596,66.06634612509352,66.1595677839872,26270
65.87793830325327,66.06052889247735,65.6586647273129,65.84901939899407,43100
67.2373593817926,67.34975592293426,67.19094977773105,67.27216679493067,43993
69.34411148414618,69.75890697737817,69.02953116880799,69.13969597179235,48753
68.68117839998087,68.83106224687614,68.62294144046241,68.80512287272258,6978
70.70190536695708,70.84446730295575,70.2130942506384,70.78505242892675,29968
70.83854004252639,71.2267579928394,70.80584111891038,70.83698368124143,6598
72.84236929990495,73.05375638596698,72.6069142668228,72.71454381758315,12215
72.40982378179035,72.89307243831979,71.73986519840382,72.62732419512142,15715
72.59388643221538,73.02648380802782,72.56267140042405,72.78462534826885,32661
72.89988000995986,73.58075286212947,72.04907387846418,73.19819611182349,22129
76.70814672883927,76.92589129616846,76.66708619169208,76.7031310765429,43372
77.52413567591181,77.93909837678706,76.46224722541277,77.69791573822157,15628
76.83002515322323,77.19141163282517,76.49721045509422,76.8891606235772,31244
78.12532420600193,78.50656955774748,77.705783576879,78.02211994907506,38396
77.51467452153351,77.67446186223808,77.28557737616529,77.61426024891679,49035
77.09525413321903,77.64683946022063,76.77371280622567,77.05960912867684,13018
78.07849632665624,78.65982822613803,77.54998004944655,78.12526803520863,36946
78.28240983094167,78.37767909957203,78.04114871817539,78.17732163696547,5153
78.59424564622155,78.91722546515787,78.4836987727458,78.51963188432939,27628
78.4431022427487,79.17055094454771,77.70881381529016,78.5518075277965,21276
78.93747121408175,78.98819698687312,78.48391257199532,78.96410608397528,47968
79.64917493292089,79.69941970192576,79.47914716729653,79.48325468830038,38895
77.25053416636692,77.38170751453536,77.03227075981914,77.18980479871243,46435
77.7591700622014,78.3239480158956,77.60566907832379,77.97703197228407,42677
76.94476361571287,77.50978418472451,76.37730310037928,76.84400298321586,21122
75.03377250374389,75.43483985002322,74.76585926099017,75.19689119767826,36933
75.35833495929424,75.65351395442926,74.70127134232989,75.14604541668035,2492
75.40987585647925,76.5634702072676,74.63761132527432,75.25573723010179,28336
74.53111955239089,74.9358509525328,73.84891716631324,74.48793361222019,3317
75.4550794606808,75.92945893349173,75.01929462023494,75.43135888659683,36485
73.89690711306082,74.11638090809275,73.74269505574408,73.92781370842611,48369
73.5910636048665,74.15378263237882,72.87979875149283,73.4913323464318,34388
72.80725217522065,72.88481334777487,72.69256508633786,72.86128292143319,42156
72.85924977669099,73.0677155438172,72.61998858508049,72.82493905374649,12483
73.27168191766562,73.94708101752646,73.13771455264529,73.14412815956277,49701
71.97197559804637,72.29701869657825,71.60261597557911,72.05293521901892,27987
72.76036673625816,73.24121151279209,72.58205350641116,72.85014619864789,34048
72.7593435458827,73.62462442593176,72.31845476756914,72.93356220404827,38759
70.72745706961305,70.91981005193409,70.27525754786092,70.87835322019947,32340
68.55857834739804,69.58184996997052,68.42086167359221,68.81020285194572,16538
68.91169035861606,69.3672641536582,68.42481309506019,68.81124949683422,30960
68.84510817903728,69.0300240033471,68.48733405917149,68.59693618821093,33044
68.69952318646199,68.98506788926947,68.05833913348465,68.50424103147672,43009
68.26644971258209,68.62493660789202,68.16528462988977,68.48918812548102,24592
68.83425732671432,68.93942925453113,68.56666508320176,68.73461211733262,25588
69.92371784455655,70.2362065011596,69.23501978356019,69.72540396509704,25654
68.51461191628749,68.8352475698152,68.40371454378464,68.57726547492892,6606
67.39909397800669,67.78354272001408,66.96905306456712,67.38542182219241,5412
66.02756589554504,66.29442345629008,65.77809832873245,66.29378756627673,2001
66.62987326802393,66.7309730737362,66.57565288073745,66.5943470261546,33644
67.70693502067314,68.02479701497948,67.37480299835217,67.85126276200306,21524
67.45275024431398,67.50052591346173,67.28639074897633,67.4258291311014,43418
64.70645386753552,65.0380341820278,64.62165469354797,64.90912650348345,35409
63.33172372555345,63.43699451925059,63.03343802357466,63.263038004581,7930
62.61321783066269,62.8691676410823,62.10542950480821,62.485184104380075,5903
61.87785921708498,62.105582634547474,61.44053208731554,61.974934257968904,18939
61.46759504165765,61.63664165437817,60.74850159327873,61.60768136993329,46126
61.389794277767535,61.860098373392454,61.06554981736491,61.655656309179804,3384
61.34696881949622,61.58291542518026,61.15449457692846,61.379673571009086,10182
62.28553719502958,62.73546199825531,61.78772049617002,62.358071347127556,2451
61.54670158791889,62.040375521139396,61.12568434514906,61.7382159307034,21269
61.007218781166685,61.03120000799264,60.40619979340835,60.95199398814417,49493
61.34675249873844,61.666898951160704,61.15151767055611,61.40201067111632,34502
59.87083027227859,60.24248240682202,59.77472381665709,59.99991841178126,25180
60.295689543883796,60.531791303328426,60.10204476761326,60.36264045333783,8075
60.59712705738135,61.02327654338808,60.26726197445122,60.46756869577771,18420
60.41869945725506,60.727204070111966,59.886602537150736,60.34592987619981,26702
61.77961894083897,61.96164043372647,61.70824504595506,61.79568904096614,14468
61.30711932449715,61.43246145107269,60.735871297522294,61.23130211164823,35547
62.989279096377864,63.148869149809336,62.21882010451109,63.13586946786209,49020
62.93907890833818,63.29864647460321,62.43313707401243,62.93500448346941,11091
61.76024791616399,61.76643545642135,61.41857690192565,61.74205594902112,13360
61.76106924475287,62.18980110208306,61.43972613749279,61.819159040436645,7185
60.88651521338041,61.052089090805836,60.378298542131965,60.833534274169544,36559
60.065820185450164,60.3056057377373,59.65959687261331,60.159721504017824,23624
60.591753569873354,61.16371669008121,59.79688036284303,60.53003463966993,14904
61.11395987582363,61.11430202904988,60.90136740527878,61.046581692665434,11740
60.136160245889904,61.16504896405194,59.73913435613481,60.489072838902324,4453
61.54324156614987,61.65320856019316,60.71037552198986,61.39707897957338,24331
62.094568365495675,63.08281967940862,62.01877923794125,62.475372323949685,34480
63.75522011712026,64.33685515538814,63.65437038116474,63.83386970357699,12516
64.48552365459965,65.07587388509015,64.14398797183416,64.35355407426455,1079
65.64086663481342,66.01744926702892,65.56821031720091,65.68254703532358,24192
63.65543868227048,64.13382020319371,63.52966408346362,63.84264907659012,34111
63.411961543900055,63.78039495739517,63.30952482826088,63.550977663056884,17904
62.866052770685265,62.936553716783514,62.63803843305846,62.73720238341405,13268
62.62036924174123,63.26204962725663,62.275449413077716,62.86194827857402,8560
62.47643736545928,62.67775386660681,62.12815868974467,62.33568449931508,37559
62.185934287672396,62.40307653210218,62.182043388567,62.192788194021965,43216
63.80855849109737,64.24845519276968,63.52513442567528,63.96109230669036,38717
63.73663419860687,64.06652622151499,63.48485041717699,63.811052571674956,26391
64.0892305761875,64.30876928441789,63.633632390849314,64.21988263177897,36481
64.11987435823528,64.55281861651719,63.549966454602036,64.0089819717049,20448
64.18836788269836,64.28838601586396,63.85234878273967,64.09447872535695,2199
63.89264072299659,64.35226129790821,63.55520279179636,64.11308216104513,19011
64.50494690435562,64.83777487674871,64.26135952581183,64.557056342625,35483
65.58498028328512,66.08542441668837,65.46977709242014,65.69840011732559,32719
67.50920405311469,67.86578280354533,66.96493923759064,67.33500704743042,49517
67.47849945701525,67.91669335854942,67.34472777954836,67.66119810480059,49877
68.4921233727186,69.4303055756961,68.201846334436,68.2730720741434,12888
67.10366215933766,67.70101840618611,66.7011308500241,67.10813085481023,1468
66.87731770588849,67.50957409505303,66.72024718321548,67.03309382204436,14437
67.89985972369081,68.12836866474768,67.87673949436846,67.9919581196001,43930
68.77829503826494,69.14732242759588,68.26917986047505,68.8887400621662,40862
68.94497447048502,69.68889382342512,68.90526875524274,69.12118072833577,5838
70.06731992871472,70.51055176202236,69.94743248531674,70.05403392061845,8859
70.41040578011973,70.59237595466566,70.11544840200695,70.58374754258703,28612
71.555295848245,71.97412848848369,71.30376987469079,71.86869600069699,33368
72.14018622770529,72.24269295958644,71.69398094539729,72.19500771919265,49134
71.56527448532596,71.90583107163538,71.54717297898054,71.82425208116116,37996
72.09182744657741,72.7780607278003,71.62037730925633,72.20044013803557,11380
68.91549637456085,69.1868650935978,68.2366735555925,69.04102716902385,2820
69.33034346420517,69.70347625290832,69.31112045659675,69.45135774238354,32047
65.92722389084288,66.31265755219057,65.65127559951301,65.66443964919362,28134
63.98723707981555,64.36145875773614,63.74745308603763,63.98001865357597,46165
64.45799384035105,64.70127825642808,63.65845945898153,64.42637711003624,29217
64.67016551841499,64.99633332057593,64.64876207585458,64.9007446629161,25560
63.69866514261313,64.58449642866317,63.56880561316928,63.78208741011838,15868
63.14073053550991,63.812601433431944,63.10536070122296,63.113553507399715,5227
64.29166406931408,64.75162627317815,63.647842928960536,64.42367189838592,43940
64.08498705900445,64.25520422765345,63.72577241598217,63.96881165698504,41477
65.97468193087556,66.17138959020046,65.65033720964614,66.13375962470242,8974
66.10719844699699,66.20605662470136,65.8993093700427,66.14508187000018,35490
66.48513578933438,67.21245944532252,66.20959640057846,66.56315468126017,18845
68.21324154720845,68.64608512942588,67.74434301420239,68.1908312225079,22414
68.25095185679938,68.34786587853311,67.79358366382324,68.33849210824117,42584
67.28820401011926,67.42715978370818,67.11426720830893,67.3246796634501,42259
67.19558532319896,67.47482251038076,67.04267594494165,67.22733411634871,10341
67.10616049368176,67.2143878362858,67.02581057503531,67.20486936027228,16072
65.90643070306146,66.43366545263765,65.577814642889,65.84255106744341,41247
65.63432804329182,66.09701927916635,65.27674928082548,65.60305003432768,45932
64.87432009122705,65.10695526286406,64.53554104337167,64.88581966817061,4874
65.74181550021193,66.46677753098491,65.53865540631209,65.79846249323032,41846
65.95068143856665,65.96138995752472,65.50512323662919,65.84578330730994,24972
65.54870700061697,65.9167357573775,65.03621275736322,65.57963884969242,29925
65.44813401696621,65.5057577600163,65.37633654029754,65.48830418752348,4691
65.73434066653301,65.74444529424905,65.6434912992343,65.72058008754576,34337
66.56689418665157,66.76127928078401,65.77761687109086,66.34178500871097,34217
65.18500102514247,65.39914278649805,64.96717283901076,65.36021295953827,33472
64.45119298950671,64.55366996562717,64.25683567253928,64.35210915986796,39739
65.18356081987706,65.68788143650579,65.08164222272556,65.43130614354325,47356
65.06795906343143,65.10864098809284,64.95714871355001,65.03969630297948,42643
63.87101198298976,64.06585014291348,63.43347931722183,63.670439551063396,37494
64.16969407843037,64.90753777758209,63.85855165120594,64.10703989324517,49081
64.58747326747834,64.61645068599303,64.45974309322973,64.56544030083377,34052
63.025159711352465,63.58337276208987,62.94460104515646,63.09588382049418,33928
63.32962544311576,63.39156888780756,63.2124890621762,63.32569327212557,27560
64.00479531772218,64.12009816478118,63.56708127603457,64.0370780500892,38684
64.30825595411417,64.83504670892854,64.04912012018758,64.40950468213137,4497
64.99526785325551,65.17834309218597,64.79313012514186,65.03297079812805,25782
63.70138480894222,63.76844155934007,63.318269716507274,63.67612052355492,21840
63.90683451218714,64.51260728087398,63.76626377150187,64.00504603977475,45724
63.62454483268395,63.7980409999428,63.24387031519194,63.72730917442093,4555
63.10640240346051,63.716349966916695,62.819879637150365,63.27855087058462,32544
64.1676236806047,64.37319400272825,64.02665123373558,64.11751904200382,10032
65.62454893008271,66.15853632423563,65.21410800450008,65.55305371990981,44294
67.36175653468104,67.38164247201789,67.22790797542352,67.330560879393,42740
68.80448850080259,69.62677875584959,68.43489694642984,68.67192826312589,12537
68.58467841058777,68.75113212298069,68.3662599496701,68.5726277810447,43713
69.00320417247826,69.26764578465604,68.7151372070353,68.94914653335205,25340
69.79840207582203,70.22070085249997,69.4031661155743,69.75601310093538,48581
69.88396096173129,70.7114129957087,69.7981012569608,69.89675766283874,36761
69.97347106398719,70.33483955527022,69.74619593210522,70.04783690567278,2688
71.24146642914027,71.36048268419225,70.48291006589407,70.92737834853692,10933
